"Patente","Estado","Tenencia","Centro de Costo","Odometro","Horometro","Comentarios (diario)","PM Odometro","PM Horometro","Modificado","Observaciones","AFI","Categoria","Subcategoria","Marca","Modelo","Año","Permiso de Circulacion","Revision Tecnica","Seguro","Acreditacion","Fotografia del Vehiculo","Modificado por","ID"
"TCLC-61","OPERATIVO","TREK RENTAL","170","82.158","2.405",,,"1.935","24/09/2025 3:19",,"A-M100","CAMION","ALJIBE","MERCEDEZ BENZ","AROCS","2024","30/09/2026","06/11/2025","30/09/2026","25/01/2027","Reserved_ImageAttachment_[21]_[FotografiadelVehiculo][32]_[d2a7e197323948b49e81ba9ea7a4d0a1][1]_[1].jpeg","Bastián Esteban Azuga Contreras","2"
"KLSF-91","OPERATIVO","VIALCORP","271","2.805","3.127",,"0","3.433","03/10/2025 3:48",,"P-M701","MAQUINARIA","TRACTOR","MASSEY FERGUSON","MF5440T4K","2018",,,,"03/02/2026","Reserved_ImageAttachment_[21]_[FotografiadelVehiculo][32]_[82a0e721993d47889ed0d0cee6c80c98][1]_[2].jpeg","Bastián Esteban Azuga Contreras","3"
"RSTR-72","OPERATIVO","BARRAZA","271","30.690","2.183",,"50.000","0","03/10/2025 3:47","se cae soporte de cardan,provocando que se caiga cardan","A-M101","CAMION","ALJIBE","VOLKSWAGEN","31390","2022","30/09/2026","04/12/2025","30/09/2026","04/12/2025","Reserved_ImageAttachment_[21]_[FotografiadelVehiculo][32]_[cc15fc14a14741229f6728175edaa822][1]_[8].jpeg","Bastián Esteban Azuga Contreras","4"
"RYJB-39","OPERATIVO","SV CORP","170","157.522","4.447","Perdida de fuerza y fuga de aceite idraulico","0","3.876","01/10/2025 4:11","a espera de coordinar reparacion de A/C","A-M102","CAMION","ALJIBE","VOLVO","FMX500","2022","30/09/2026","04/02/2026","30/09/2026","28/02/2027","Reserved_ImageAttachment_[21]_[FotografiadelVehiculo][32]_[24f43aba09ba4c0c9bbb7057754d5cd4][2]_[11].jpeg","Bastián Esteban Azuga Contreras","5"
"KRKF-94","OPERATIVO","VIALCORP","170","239.125","7.674","Tiene chek prendido perdida de fuerza ","0","7.039","03/10/2025 4:22",,"P-C100","CAMION","ALJIBE","VOLVO","FMX500","2018","30/09/2026","30/03/2026","30/09/2026","30/12/2026","Reserved_ImageAttachment_[21]_[FotografiadelVehiculo][32]_[a50f93ad040c4374a4740dacd85780a2][1]_[3].jpeg","Bastián Esteban Azuga Contreras","7"
"KYLY-77","OPERATIVO","VIALCORP","240","0","0","CAMA BAJA ACOPLADO","0","0","02/10/2025 6:05",,"P-A100","ACOPLADO","CAMA BAJA","TREMAC","PT180063","2021","30/09/2025","07/01/2026","30/09/2025","30/11/2025","Reserved_ImageAttachment_[21]_[FotografiadelVehiculo][32]_[297164a2d45b451196b685aec2d90461][1]_[1].jpg","Bastián Esteban Azuga Contreras","8"
"PGBZ-10","OPERATIVO","VIALCORP","240",,"2.000",,"0","1.926","02/10/2025 6:05",,"P-M602","MAQUINARIA","RODILLO","DYNAPAC","CA 250 D","2020",,,"30/09/2025","30/11/2025","Reserved_ImageAttachment_[21]_[FotografiadelVehiculo][32]_[5c49e531743141f6864f490d14f84247][1]_[7].jpg","Bastián Esteban Azuga Contreras","10"
"PHKY-51","OPERATIVO","VIALCORP","240","147.730",,,"107.000",,"02/10/2025 6:05",,"P-V200","MINIBUS",,"FORD","TRANSITBUS 460E","2021","31/03/2026","02/12/2025","31/03/2026","30/11/2025",,"Bastián Esteban Azuga Contreras","11"
"PHLZ-12","OPERATIVO","SV CORP","170","21.461","0",,"0","0","10/09/2025 7:31",,"A-V101","CAMIONETA","PICK UP 4X4 DIESEL","MAZDA","BT50","2021","31/08/2025","31/05/2026","31/03/2026",,,"Bastián Esteban Azuga Contreras","12"
"PHLZ-21","OPERATIVO","CONSTRUCTORA SV","240","250.358","0",,"208.814","0","02/10/2025 6:05",,"A-V100","CAMIONETA","PICK UP 4X4 DIESEL","MAZDA","BT50","2021","31/08/2025","30/04/2026","31/03/2026","30/11/2025","Reserved_ImageAttachment_[21]_[FotografiadelVehiculo][32]_[4365f7c6705e4685bee0ecdf1ac6e6b1][1]_[1].jpg","Bastián Esteban Azuga Contreras","13"
"PSCW-32","OPERATIVO","BARRAZA","271","218.516",,,"221.794","0","03/10/2025 3:48",,"A-V201","MINIBUS","MINIBUS","MERCEDES BENZ","SPRINTER","2021","31/05/2026","02/03/2026","31/05/2026","31/12/2025",,"Bastián Esteban Azuga Contreras","14"
"PXGT-90","OPERATIVO","VIALCORP","360","0","0","0","0","0","03/10/2025 12:44",,"P-A101","ACOPLADO","CAMA BAJA 50Ton","TREMAC","PT180042","2025","30/09/2026","11/12/2025","30/09/2026",,,"Christian Colque","15"
"RBDL-19","OPERATIVO","VIALCORP","240","0","1.476",,"0","1.146","02/10/2025 6:05",,"P-M501","MAQUINARIA","RETROEXCAVADORA","JOHN DEERE","310L","2021",,,"30/09/2025","30/11/2025",,"Bastián Esteban Azuga Contreras","16"
"RDJD-47","OPERATIVO","VIALCORP","240","0","729",,"0","840","02/10/2025 6:05",,"P-M100","MAQUINARIA","BARREDORA","ROSCO","RB50","2018",,,"30/09/2025","30/11/2025","Reserved_ImageAttachment_[21]_[FotografiadelVehiculo][32]_[f38add644ac04cd6ab44e8c0432b0fd6][1]_[5].jpg","Bastián Esteban Azuga Contreras","17"
"RGRP-74","OPERATIVO","VIALCORP","240","0","885",,"0","1.236","02/10/2025 6:05",,"P-C501","CAMION","TRACTO","MERCEDEZ BENZ","NEW ACTROS 2645","2022","30/09/2025","07/01/2026","30/09/2025","30/11/2025","Reserved_ImageAttachment_[21]_[FotografiadelVehiculo][32]_[df2414d49cd047f2be9f39ab07a1a5c3][1]_[1].jpg","Bastián Esteban Azuga Contreras","18"
"RLYD-49","OPERATIVO","BARRAZA","271","110.360",,,"117.642","0","03/10/2025 3:48",,"A-V103","CAMIONETA","PICK UP 4X4 DIESEL","CHEVROLET","D-MAX","2021","31/03/2026","01/01/2026","31/03/2026","22/11/2025",,"Bastián Esteban Azuga Contreras","21"
"RRZC-32","OPERATIVO","VIALCORP","245","170.069","0",,"0","0","03/10/2025 2:37",,"P-V103","CAMIONETA","PICK UP 4X4 DIESEL","NISSAN","NAVARA","2022",,"31/05/2026",,,,"Bastián Esteban Azuga Contreras","24"
"JZKW-73","OPERATIVO","VIALCORP","240",,"4.529",,"0","4.436","02/10/2025 6:05",,"P-C102","CAMION","ALJIBE","MERCEDEZ BENZ","ACTROS 4144K","2018","31/10/2025","14/02/2026","30/09/2026","30/11/2025","Reserved_ImageAttachment_[21]_[FotografiadelVehiculo][32]_[4c0fc94639aa4ee9bfd39078017e4eb4][1]_[2].jpg","Bastián Esteban Azuga Contreras","25"
"RHYG-91","OPERATIVO","VIALCORP","240","0","3.590",,"0","3.071","02/10/2025 6:05",,"P-M402","MAQUINARIA","MOTONIVELADORA","JOHN DEERE","770G","2022",,,"30/09/2025","30/11/2025","Reserved_ImageAttachment_[21]_[FotografiadelVehiculo][32]_[ea5dad8c9f7b482199d763f640eb2d03][1]_[5].jpg","Bastián Esteban Azuga Contreras","19"
"RLYP-26","OPERATIVO","VIALCORP","240","60.167","0",,"59.930","0","02/10/2025 6:05",,"P-C200","CAMION","PLANO","MITSUBISHI","CANTER 815","2022","30/09/2025","08/01/2026","30/09/2025","30/11/2025","Reserved_ImageAttachment_[21]_[FotografiadelVehiculo][32]_[31e0e5dd643d4ae3a77958142f60eec9][1]_[1].jpg","Bastián Esteban Azuga Contreras","22"
"RXPC-24","OPERATIVO","VIALCORP","271","97.500","321",,"0","0","03/10/2025 3:48",,"P-V109","CAMIONETA","PICK UP 4X4 DIESEL","NISSAN","NAVARA","2023",,"30/06/2026",,,,"Bastián Esteban Azuga Contreras","27"
"RPDV-86","OPERATIVO","VIALCORP","240","0","3.978",,"0","3.628","02/10/2025 6:05","Falta comprar deposito o varila nivel de deposito hdco de direccion.

","P-C101","CAMION","ALJIBE","MERCEDEZ BENZ","AROCS 3342","2021","30/09/2026","15/01/2026","30/09/2026","30/11/2025","Reserved_ImageAttachment_[21]_[FotografiadelVehiculo][32]_[17a21769d19e49b98363511bc2aef3b4][1]_[1].jpg","Bastián Esteban Azuga Contreras","23"
"KSPW-20","OPERATIVO","VIALCORP","240","166.364","6.706","CAMBIO DE NEUMATICOS CHINO SIERRA GORDA ","0","6.530","02/10/2025 6:05","Grabado patente ok.
","P-C103","CAMION","ALJIBE","VOLVO","FMX500","2018","31/10/2025","09/01/2026","30/09/2026","30/11/2025",,"Bastián Esteban Azuga Contreras","29"
"RYZS-80","OPERATIVO","VIALCORP","271",,"3.251",,"0","3.490","03/10/2025 3:47",,"P-M500","MAQUINARIA","RETROEXCAVADORA","JOHN DEERE","310 L","2022",,,,"09/07/2025",,"Bastián Esteban Azuga Contreras","28"
"SKTW-77","NO OPERATIVO","VIALCORP","240","141.770","0","CAMIONETA INGRESADA A WILLD SERVICE AJUSTE Y REVISION MARCHA REVERSA ","127.250","0","02/10/2025 6:05",,"P-V100","CAMIONETA","PICK UP 4X4 DIESEL","MAXUS","T60","2023","31/03/2026","30/10/2025","31/03/2026","30/11/2025",,"Bastián Esteban Azuga Contreras","50"
"KRKF-99","NO OPERATIVO","VIALCORP","245","0","0","Manutención ","0","0","03/10/2025 4:59","Acusan perdida de aire por sistema de frenos y electrovalvulas, lo cual se debe solucionar aprovechando que el equipo se encuantra detenido.","P-C104","CAMION","ALJIBE","VOLVO","FMX","2018",,"26/05/2025",,,,"Bastián Esteban Azuga Contreras","30"
"SFGZ-21","NO OPERATIVO","VIALCORP","245","0","0","Revisión técnica ","0","0","03/10/2025 5:35",,"P-C105","CAMION","ALJIBE","VOLVO","FMX","2022",,"17/08/2025",,,,"Bastián Esteban Azuga Contreras","31"
"RYBY-19","OPERATIVO","VIALCORP","271",,"7.183",,,"7.874","03/10/2025 3:47",,"P-C106","CAMION","ALJIBE","VOLVO","FMX","2022","30/09/2026","25/10/2025","30/09/2026","25/10/2025",,"Bastián Esteban Azuga Contreras","32"
"RYBY-20","OPERATIVO","VIALCORP","271",,"6.650",,"0","7.148","03/10/2025 3:47",,"P-C107","CAMION","ALJIBE","VOLVO","FMX","2022","30/09/2026","27/11/2025","30/09/2026","27/11/2025",,"Bastián Esteban Azuga Contreras","33"
"RYJB-37","OPERATIVO","VIALCORP","271",,"5.204",,"0","5.419","03/10/2025 3:47",,"P-C108","CAMION","ALJIBE","VOLVO","FMX","2022","30/09/2026","04/12/2025","30/09/2026","04/12/2025","Reserved_ImageAttachment_[21]_[FotografiadelVehiculo][32]_[2ff86212ab88421fafc40b38d708be60][1]_[1].jpeg","Bastián Esteban Azuga Contreras","34"
"RZSB-86","OPERATIVO","VIALCORP","271",,"3.641",,"0","3.765","03/10/2025 3:47",,"P-M400","MAQUINARIA","MOTONIVELADORA","JOHN DEERE","770 G","2022",,,,"06/02/2026",,"Bastián Esteban Azuga Contreras","37"
"SBZX-88","OPERATIVO","VIALCORP","271","1.960","2.086",,"0","2.334","03/10/2025 3:48","se endereza eje de escobillas","P-M700","MAQUINARIA","TRACTOR","MASSEY FERGUSON","MF6713T4K","2022",,,,"01/10/2025",,"Bastián Esteban Azuga Contreras","38"
"SBGC-12","OPERATIVO","VIALCORP","245","143.771","0",,"0","0","03/10/2025 2:37",,"P-V101","CAMIONETA","PICK UP 4X4 DIESEL","NISSAN","NAVARA","2023",,"31/05/2025",,,,"Bastián Esteban Azuga Contreras","39"
"RYJB-40","NO OPERATIVO","VIALCORP","271","7.040","7.085","MANTENCION Y REP ACEITE C.C ","7.331",,"03/10/2025 3:47",,"P-C109","CAMION","ALJIBE","VOLVO","FMX","2022","30/09/2026","17/12/2025","30/09/2025","17/12/2025",,"Bastián Esteban Azuga Contreras","41"
"SFHT-41","OPERATIVO","VIALCORP","271","65.355",,,"70.116","0","03/10/2025 3:48",,"P-C601","CAMION","TRES CUARTOS","MITSUBISHI","CANTER","2022","30/09/2026","20/09/2025","30/09/2026","20/09/2025","Reserved_ImageAttachment_[21]_[FotografiadelVehiculo][32]_[3021f8d5b12e4468ba98cd346d437538][1]_[2].jpeg","Bastián Esteban Azuga Contreras","42"
"SFHT-42","OPERATIVO","VIALCORP","271","54.958","45.250",,"59.700","0","03/10/2025 3:48",,"P-C600","CAMION","TRES CUARTOS","MITSUBISHI","CANTER","2022","30/09/2026","22/10/2025","30/09/2026","22/10/2025","Reserved_ImageAttachment_[21]_[FotografiadelVehiculo][32]_[301324a0d0a14bcd975df21abe6887ae][1]_[2].jpeg","Bastián Esteban Azuga Contreras","43"
"SCRX-93","OPERATIVO","VIALCORP","271",,"5.577",,"0","5.890","03/10/2025 3:47",,"P-C110","CAMION","ALJIBE","VOLVO","FMX","2023","30/09/2026","29/01/2026","30/09/2026","29/01/2026","Reserved_ImageAttachment_[21]_[FotografiadelVehiculo][32]_[60a9e104135f4f238215812941945bab][1]_[1].jpeg","Bastián Esteban Azuga Contreras","44"
"SKTW-43","FUERA DE OBRA","VIALCORP","271","71.241","0","CERTIFICACION","75.179","0","03/10/2025 3:48","REV.TECNICA-CERTIFICACION","P-V104","CAMIONETA","PICK UP 4X4 DIESEL","MAXUS","T60","2022","31/03/2026","30/06/2027","31/03/2026","27/10/2025","Reserved_ImageAttachment_[21]_[FotografiadelVehiculo][32]_[32520b7abf5f41c29c38894bd33428e7][1]_[2].jpeg","Bastián Esteban Azuga Contreras","45"
"SKTW-54","OPERATIVO","VIALCORP","271","78.000",,,"80.245",,"03/10/2025 3:48",,"P-V105","CAMIONETA","PICK UP 4X4 DIESEL","MAXUS","T60","2022","31/03/2026","30/06/2027","31/03/2026","04/10/2025",,"Bastián Esteban Azuga Contreras","46"
"SKTW-65","FUERA DE OBRA","VIALCORP","271","86.330","0","CERTIFICACION","95.115","0","03/10/2025 3:48",,"P-V106","CAMIONETA","PICK UP 4X4 DIESEL","MAXUS","T60","2022","31/03/2026","31/08/2027","31/03/2026","03/10/2025","Reserved_ImageAttachment_[21]_[FotografiadelVehiculo][32]_[bf2805fc44d242d3808961117d09cf58][1]_[2].jpeg","Bastián Esteban Azuga Contreras","47"
"SKTW-76","OPERATIVO","VIALCORP","271","71.900",,,"74.300",,"03/10/2025 3:48",,"P-V107","CAMIONETA","PICK UP 4X4 DIESEL","MAXUS","T60","2022","31/03/2026","30/09/2025",,"30/09/2025",,"Bastián Esteban Azuga Contreras","48"
"SKHT-17","FUERA DE OBRA","VIALCORP","245","0","0","Equipo en mantenimiento ","0","0","03/10/2025 4:53","La entregaron pero aun esta afuera de servicio","P-V102","CAMIONETA","PICK UP 4X4 DIESEL","NISSAN","NAVARA","2023",,"31/10/2025",,,,"Bastián Esteban Azuga Contreras","49"
"SZTD-22","NO OPERATIVO","BARRAZA","271","49.106",,"FALLA DE PARTIDA","52.317","52.317","03/10/2025 3:48",,"A-V104","CAMIONETA","PICK UP 4X4 DIESEL","NISSAN","NAVARA","2023","31/03/2026","30/04/2026","31/03/2026","14/11/2025",,"Bastián Esteban Azuga Contreras","51"
"RYWY-86","OPERATIVO","VIALCORP","271","132.515","4.712",,"0","4.881","03/10/2025 3:47",,"P-C111","CAMION","ALJIBE","VOLVO","FMX","2023","30/09/2025","06/02/2026","30/09/2025","06/02/2026",,"Bastián Esteban Azuga Contreras","52"
"TDXB-29","OPERATIVO","BARRAZA","271","35.939",,,"43.833","0","03/10/2025 3:48",,"A-V200","MINIBUS","MINIBUS","FORD","TRANSIT","2025","31/05/2026","17/12/2025","31/05/2026","17/12/2025",,"Bastián Esteban Azuga Contreras","53"
"TSXK-66","OPERATIVO","TREK RENTAL","360","764","767",,"0","720","03/10/2025 13:17",,"A-M300","MAQUINARIA","MOTONIVELADORA","CAT","150","2025","10/10/2025",,,,"Reserved_ImageAttachment_[21]_[FotografiadelVehiculo][32]_[17df46ec92704deda63dcb487ef45430][1]_[9].jpeg","Christian Colque","55"
"TTSW-55","OPERATIVO","VIALCORP","360","0","603",,"0","500","03/10/2025 4:41",,"P-M502","MAQUINARIA","RETROEXCAVADORA","JOHN DEERE","310P","2025",,,,,,"Bastián Esteban Azuga Contreras","56"
"TTSW-56","OPERATIVO","VIALCORP","360","685","685","Sin comentarios ","0","500","03/10/2025 4:35",,"P-M503","MAQUINARIA","RETROEXCAVADORA","JOHN DEERE","310P","2025",,,,,,"Bastián Esteban Azuga Contreras","57"
"TTSW-62","NO OPERATIVO","VIALCORP","360","3.832","909","salfa taller fuga bomba de agua","0","750","03/10/2025 10:18",,"P-M403","MAQUINARIA","MOTONIVELADORA","JOHN DEERE","770G","2025",,,,,"Reserved_ImageAttachment_[21]_[FotografiadelVehiculo][32]_[e1360e30fd2f43cd8e701221f72c82a2][2]_[12].png","Bastián Esteban Azuga Contreras","58"
"TTSW-66","OPERATIVO","VIALCORP","360","910","974","Radio base no enciende, micas de focos faenero trisadas ","0","793","03/10/2025 4:37","Foco faenero superior izquierdo quebrado ","P-M404","MAQUINARIA","MOTONIVELADORA","JOHN DEERE","770G","2025",,,,,,"Bastián Esteban Azuga Contreras","59"
"TTSW-67","OPERATIVO","VIALCORP","360","0","447",". ","0","490","03/10/2025 7:45","

Falta cuña","P-M603","MAQUINARIA","RODILLO","HAMM","HC110I","2025",,,,,"Reserved_ImageAttachment_[21]_[FotografiadelVehiculo][32]_[73c059f0854f43149411490b3a357388][1]_[3].jpeg","Bastián Esteban Azuga Contreras","60"
"TTSW-71","OPERATIVO","VIALCORP","360","0","819","Pértiga
Valiza
Luces malas","0","773","03/10/2025 7:48",,"P-M200","MAQUINARIA","CARGADOR FRONTAL","JOHN DEERE","544P","2025",,,,,,"Bastián Esteban Azuga Contreras","61"
"TTZS-85","OPERATIVO","VIALCORP","360","12.557","0","Sin anomalias ","10.000","0","03/10/2025 3:26",,"P-V119","CAMIONETA","PICK UP 4X4 DIESEL","TOYOTA","HILUX","2025","31/08/2025","29/08/2027","31/03/2026",,,"Bastián Esteban Azuga Contreras","62"
"TTZV-79","OPERATIVO","VIALCORP","360","10.726","10.726","Salfa Taller","10.000","0","03/10/2025 6:26","
Mica lateral izquierda del intermitente suelto","P-V113","CAMIONETA","PICK UP 4X4 DIESEL","TOYOTA","HILUX","2025","30/09/2025","29/01/2027","30/09/2025",,,"Bastián Esteban Azuga Contreras","63"
"TTZV-80","OPERATIVO","VIALCORP","360","13.326","0",,"20.000","0","03/10/2025 4:36",,"P-V114","CAMIONETA","PICK UP 4X4 DIESEL","TOYOTA","HILUX","2025","30/09/2025","27/02/2027","30/09/2025",,,"Bastián Esteban Azuga Contreras","64"
"TTZV-81","OPERATIVO","VIALCORP","360","9.373","0","Salfa Taller","10.000","0","03/10/2025 6:33",,"P-V115","CAMIONETA","PICK UP 4X4 DIESEL","TOYOTA","HILUX","2025","31/08/2025","29/04/2027","31/03/2026",,,"Bastián Esteban Azuga Contreras","65"
"TTZV-82","OPERATIVO","VIALCORP","360","13.182","0",,"10.000","0","03/10/2025 2:53",,"P-V116","CAMIONETA","PICK UP 4X4 DIESEL","TOYOTA","HILUX","2025","31/08/2025","29/05/2027","31/03/2026",,,"Bastián Esteban Azuga Contreras","66"
"TTZV-83","OPERATIVO","VIALCORP","360","11.962","0",,"10.000","0","03/10/2025 3:34",,"P-V117","CAMIONETA","PICK UP 4X4 DIESEL","TOYOTA","HILUX","2025","30/09/2025","29/06/2027","30/09/2025",,"Reserved_ImageAttachment_[21]_[FotografiadelVehiculo][32]_[c8a37a476afc4b0aa75d7732d374e706][2]_[17].jpg","Bastián Esteban Azuga Contreras","67"
"TTZW-16","OPERATIVO","VIALCORP","360","11.204","0",,"10.000","0","03/10/2025 3:32","
Faenero no funciona
","P-V120","CAMIONETA","PICK UP 4X4 DIESEL","TOYOTA","HILUX","2025","30/09/2025","30/09/2027","30/09/2025",,"Reserved_ImageAttachment_[21]_[FotografiadelVehiculo][32]_[1e86f05583834e809fe3e799c74a8f4b][2]_[16].jpg","Bastián Esteban Azuga Contreras","68"
"TTZW-17","OPERATIVO","VIALCORP","360","12.746","12.746",,"10.000","0","03/10/2025 2:49",,"P-V111","CAMIONETA","PICK UP 4X4 DIESEL","TOYOTA","HILUX","2025","30/09/2025","29/10/2026","30/09/2025",,"Reserved_ImageAttachment_[21]_[FotografiadelVehiculo][32]_[c7f9204bfa87496bb4f60f1c6b820ba4][2]_[15].jpg","Bastián Esteban Azuga Contreras","69"
"TTZW-18","OPERATIVO","VIALCORP","360","12.711","0",,"10.000","0","03/10/2025 3:24","Rayón lado izquierdo parachoque delantero
Se recibe con aviso de potencia de frenado bajo.
Funcionamiento incorrecto de abs","P-V112","CAMIONETA","PICK UP 4X4 DIESEL","TOYOTA","HILUX","2025","31/08/2025","29/11/2026","31/03/2026",,"Reserved_ImageAttachment_[21]_[FotografiadelVehiculo][32]_[998e7b4c19074bdd904c8962c96f576b][2]_[18].jpg","Bastián Esteban Azuga Contreras","70"
"TTZW-35","OPERATIVO","VIALCORP","360","12.227","0",,"10.000","0","03/10/2025 4:25",,"P-V118","CAMIONETA","PICK UP 4X4 DIESEL","TOYOTA","HILUX","2025","30/09/2025","29/08/2027","31/03/2026",,"Reserved_ImageAttachment_[21]_[FotografiadelVehiculo][32]_[d43e8024d3d3420f9d8b2bc0317f45f5][2]_[18].jpg","Bastián Esteban Azuga Contreras","72"
"TWHL-82","OPERATIVO","VIALCORP","360","24.553","755",,"0","1.003","03/10/2025 7:42",,"P-C500","CAMION","TRACTO","VOLVO","FH","2025","30/09/2025","11/12/2025","30/09/2025",,"Reserved_ImageAttachment_[21]_[FotografiadelVehiculo][32]_[53e03e92e9964787858b5254571a249d][2]_[25].jpg","Bastián Esteban Azuga Contreras","73"
"TWPT-61","OPERATIVO","VIALCORP","360","12.167","643",,"0","1.029","03/10/2025 5:40","Carpa no corre
 Tapa de adblue rodada","P-C400","CAMION","TOLVA","VOLVO","FMX","2025","30/09/2025","07/12/2025","30/09/2025",,"Reserved_ImageAttachment_[21]_[FotografiadelVehiculo][32]_[c819f7277d634e34b655a16012b26760][2]_[10].jpeg","Bastián Esteban Azuga Contreras","74"
"TWPT-62","OPERATIVO","VIALCORP","360","11.843","610","Parabrisa trizado","0","990","03/10/2025 5:42","Puerta del piloto un poco descuadrada...no cierra como de costumbre. ","P-C401","CAMION","TOLVA","VOLVO","FMX","2025","30/09/2025","30/11/2025","30/09/2025",,"Reserved_ImageAttachment_[21]_[FotografiadelVehiculo][32]_[ca6697d9b1b44981b4e7f3759be1351a][1]_[6].jpeg","Bastián Esteban Azuga Contreras","75"
"TWPT-63","OPERATIVO","VIALCORP","360","14.966","583",,"0","500","03/10/2025 10:17",,"P-C112","CAMION","ALJIBE","VOLVO","FMX","2025","30/09/2025","13/12/2025","30/09/2025",,,"Bastián Esteban Azuga Contreras","76"
"TWPT-64","NO OPERATIVO","VIALCORP","360","13.354","772","toma de fuerza / batería descargada / en planta","0","990","03/10/2025 5:28",,"P-C113","CAMION","ALJIBE","VOLVO","FMX","2025","30/09/2025","24/12/2025","30/09/2025",,"Reserved_ImageAttachment_[21]_[FotografiadelVehiculo][32]_[1478bd30adbe4e8ebf44e07b2af20365][1]_[5].jpeg","Bastián Esteban Azuga Contreras","77"
"TWPT-65","OPERATIVO","VIALCORP","360","14.407","696",,"0","1.009","03/10/2025 5:22",,"P-C114","CAMION","ALJIBE","VOLVO","FMX","2025","30/09/2025","24/12/2025","30/09/2025",,,"Bastián Esteban Azuga Contreras","78"
"TYLV-40","OPERATIVO","VIALCORP","360","14.484","682",,"0","500","03/10/2025 3:48","Camión la barra de riego doblada 
Luces de trocha lado isquierdo quemada
Frontal lado derecho raspado 
 Luz Pertiga mala ","P-C115","CAMION","ALJIBE","VOLVO","FMX","2025","30/09/2025","14/01/2026","30/09/2025",,"Reserved_ImageAttachment_[21]_[FotografiadelVehiculo][32]_[95836a2fb16144feabb4b37fc76aa6b6][2]_[10].jpeg","Bastián Esteban Azuga Contreras","79"
"TYRD-54","OPERATIVO","VIALCORP","360","13.893","707",,"0","990","03/10/2025 5:34",,"P-C117","CAMION","ALJIBE","VOLVO","FMX","2025","30/09/2025","08/01/2026","31/03/2026",,"Reserved_ImageAttachment_[21]_[FotografiadelVehiculo][32]_[03a060992c0647b3b33152b90c511811][2]_[20].jpg","Bastián Esteban Azuga Contreras","81"
"TYRD-55","OPERATIVO","VIALCORP","360","17.568","625",,"0","990","03/10/2025 3:47","Fuga en bomba. Solo se utiliza para subir producto  ","P-C118","CAMION","ALJIBE","VOLVO","FMX","2025","30/09/2025","14/01/2026","31/03/2026",,"Reserved_ImageAttachment_[21]_[FotografiadelVehiculo][32]_[13ad13a9032341609939bece224082e0][2]_[19].jpg","Bastián Esteban Azuga Contreras","82"
"TYLV-39","OPERATIVO","VIALCORP","360","23.172","815",,"0","1.000","03/10/2025 4:41",,"P-C119","CAMION","ALJIBE","VOLVO","FMX","2025","30/09/2025","14/02/2026","30/09/2025",,,"Bastián Esteban Azuga Contreras","83"
"TYRD-56","OPERATIVO","VIALCORP","360","14.885","455",,"0","500","03/10/2025 4:15","Fuga en aspersores. Solo se utiliza para subir producto  ","P-C120","CAMION","ALJIBE","VOLVO","FMX","2025","30/09/2025","13/02/2026","30/09/2025",,,"Bastián Esteban Azuga Contreras","84"
"SBZX-88","OPERATIVO","VIALCORP","271","0","2.059","BARREDORA","0","2.334","02/09/2025 14:27",,"P-A200","ACOPLADO","BARREDORA","PORTEZUELO","BC 2300","0",,,,"01/10/2025","Reserved_ImageAttachment_[21]_[FotografiadelVehiculo][32]_[a61459b7edab4c98987b38453365abe5][1]_[3].jpeg","German Heimpell","85"
"KLSF-91","OPERATIVO","VIALCORP","271","0","0",,"0","0","19/08/2025 11:54","BARREDORA","P-A201","ACOPLADO","BARREDORA","PORTEZUELO","BC 3200","0",,,,,"Reserved_ImageAttachment_[21]_[FotografiadelVehiculo][32]_[ede51d18b97d46e89386838c81818da3][1]_[3].jpeg","Hugo Eladio Aniñir Juanillo","86"
"TZWT-53","OPERATIVO","BARRAZA","271","14.571","841",,"20.000",,"03/10/2025 4:55",,,"CAMION","ALJIBE","VOLKSWAGEN","31390","2025","30/09/2026","02/04/2026","30/09/2026","02/04/2026",,"German Heimpell","89"
"RZSB-84","OPERATIVO","VIALCORP","271","1.832","1.886",,,"2.000","03/10/2025 3:48",,"P-M600","MAQUINARIA","RODILLO","HAMM","3410","2022",,,,"09/07/2025",,"Bastián Esteban Azuga Contreras","91"
"RZSB-85","OPERATIVO","VIALCORP","271","2.808","2.888",,,"3.000","03/10/2025 3:48",,"P-M601","MAQUINARIA","RODILLO","HAMM","3410","2022",,,,"09/07/2025",,"Bastián Esteban Azuga Contreras","92"
"TYRD-57","OPERATIVO","VIALCORP","360","20.129","781",,"0","998","03/10/2025 4:22",,,"CAMION","ALJIBE","VOLVO","FMX","2025","30/09/2025","11/01/2026","30/09/2025",,,"Bastián Esteban Azuga Contreras","144"
"TRSF-86","OPERATIVO","MITTA","240","21.580","0",,"0","0","02/10/2025 6:05",,,"CAMIONETA","PICK UP 4X4 DIESEL","TOYOTA","HILUX DX 2.4 MT","2025","31/03/2026","30/09/2027","31/03/2026","30/11/2025",,"Bastián Esteban Azuga Contreras","230"
"GENE-25","OPERATIVO","TECK","360","0","1.211","solo se cambió de aceite y filtro aceite, falto filtro de aire y de combustible",,"250","17/09/2025 6:03",,,"GENERADOR","GENERADOR",,,,,,,,,"Bastián Esteban Azuga Contreras","279"
"RPRD-69","OPERATIVO","TREK RENTAL","246","67.268","3.040","Parachoque quebrado y barra de riego quebrada (Por golpe en parachoque)",,,"02/10/2025 7:59",,,"CAMION","ALJIBE","MERCEDES BENZ","ARCOS 23342","2022","30/09/2026","03/12/2025","30/09/2026","30/11/2025",,"Eduardo Arredondo","319"
"TLPK-23","OPERATIVO","TREKRENTAL","246","18.292","946","Barra de riego reparada (Pero parachoque aun quebrado)",,,"02/10/2025 8:00",,,"CAMION","ALJIBE","MERCEDES BENZ","AROCKS 3342","2025","30/09/2026","08/10/2025","30/09/2026","30/11/2025",,"Eduardo Arredondo","337"
"VCYG-74","OPERATIVO","MITTA","246","12.511",,,,,"02/10/2025 7:58",,,"CAMIONETA","PICK UP 4X4 DIESEL","MITSUBISHI","L200 KATANA XRT 4X4","2025","31/03/2026","31/07/2027","31/03/2026","30/11/2025",,"Eduardo Arredondo","320"
"VCYY-32","OPERATIVO","MITTA","246","9.718","0","Camioneta aun no se entrega de Mita por restrición en su funcionamiento",,,"02/10/2025 7:58",,,"CAMIONETA","PICK UP 4X4 DIESEL","MITSUBISHI","L200 KATANA XRT 4X4","2025","31/03/2026","31/05/2027","31/03/2026","30/11/2025",,"Eduardo Arredondo","321"
"RXPC-29","OPERATIVO",,"271","90.727",,,,,"03/10/2025 3:48","CAMIONETA CARGO RODRIGO RODRIGUEZ.",,"CAMIONETA ","PICKUP 4X4","NISSAN ","NAVARA","2022",,,,,,"Bastián Esteban Azuga Contreras","324"
"TBWP-64","OPERATIVO","CONSTRUCTORA SV","240",,,,,,"14/07/2025 13:53",,,"CAMIONETA","PICKUP 4X4 DIESEL","MAXUS","T60 4WD 2.0","2024",,,,,,"Hugo Eladio Aniñir Juanillo","325"
"VGRT-34","OPERATIVO","VIALCORP","271",,"188",,,,"03/10/2025 3:47",,,"MAQUINARIA","MOTONIVELADORA","JOHN DEERE","770P","2025",,,,,"Reserved_ImageAttachment_[21]_[FotografiadelVehiculo][32]_[c637ffabfd70475789c7a2b568eaad51][1]_[2].jpg","Bastián Esteban Azuga Contreras","326"
"RHPH-89","NO OPERATIVO","TREKRENTAL","245","0","0","Cambio de neumáticos ",,,"03/10/2025 5:37","Equipo ingreso a obra el dia Sabado 09/08/2025",,"CAMION","ALJIBE","MERCEDES BENZ","AROCS 4848K","2022",,,,,,"Bastián Esteban Azuga Contreras","327"
"TTCG-86","OPERATIVO","TREKRENTAL","245","23.141","1.483",,,,"03/10/2025 4:59","EQUIPO AUN NO INGRESA A OBRA.",,"CAMION","ALJIBE","MERCEDES BENZ","AROCS 4848K","2025",,"09/11/2025",,,,"Bastián Esteban Azuga Contreras","329"
"VFZJ-28","OPERATIVO","VIALCORP","170","4.101","97","Sin novedad ",,,"03/10/2025 4:11","EQUIPO EN SALFA IQUIQUE A ESPERA DE RETIRO PREVIA CONFIRMACION.",,"CAMION","ALJIBE","RENAULT","K480","2025","30/09/2026","26/02/2026","30/09/2026",,,"Bastián Esteban Azuga Contreras","330"
"VFZJ-29","OPERATIVO","VIALCORP","170","6.091","134",,,,"03/10/2025 4:13","EQUIPO EN SALFA IQUIQUE A ESPERA DE RETIRO PREVIA CONFIRMACION.

",,"CAMION","ALJIBE","RENAULT","K480","2025","30/09/2026","26/02/2026","30/09/2026",,,"Bastián Esteban Azuga Contreras","331"
"VFZJ-46","OPERATIVO","VIALCORP","360","4.713","183",,,,"03/10/2025 4:13","EQUIPO EN SALFA IQUIQUE A ESPERA DE RETIRO PREVIA CONFIRMACION.",,"CAMION","PLUMA","RENAULT","C440","2025",,,,,,"Bastián Esteban Azuga Contreras","333"
"VHXZ-17","OPERATIVO","VIALCORP","360","0","65",,,,"03/10/2025 10:15",,,"MAQUINARIA","EXCAVADORA","JOHN DEERE","300P","2025",,,,,,"Bastián Esteban Azuga Contreras","336"
"VGRT-29","OPERATIVO","VIALCORP","360","0","100",,,,"03/10/2025 14:35",,,"MAQUINARIA","RODILLO","HAMM","HC130I","2025",,,,,,"Bastián Esteban Azuga Contreras","338"
"LBGR-15","OPERATIVO","BARRAZA","271","121.214",,,,,"11/09/2025 4:35","REEMPLAZO POR MINIBUS PSCW-32 TAMBIEN DE BARRAZA.",,"MINIBUS","MINIBUS","HYUNDAI","H350 SOLATI","2021","31/05/2026","07/11/2025","31/05/2026",,,"Bastián Esteban Azuga Contreras","339"
"TJZK-70","OPERATIVO","VOLMACK","271",,"1.131",,,,"03/10/2025 3:47",,,"MAQUINARIA","RETROEXCAVADORA","JOHN DEERE","310L","2024",,,,,,"Bastián Esteban Azuga Contreras","340"
"SKKV-74","OPERATIVO","TREKRENTAL","245","73.572","3.373",,,,"03/10/2025 4:27",,,"CAMION","ALJIBE","MERCEDES BENZ","AROCS 4848K","2023",,,,,,"Bastián Esteban Azuga Contreras","341"
"VDRP-86","OPERATIVO","MITTA","245","9.550","0",,,,"03/10/2025 2:53","EN OBRA DESDE JUEVES 28-08-2025",,"CAMIONETA","PICK UP 4X4","MITSUBISHI","L200 KATANA XRT 2.4MT","2025",,,,,,"Bastián Esteban Azuga Contreras","342"
"SGBS-86","OPERATIVO","BARRAZA","271","65.974",,"SE REEMPAZO POR SZTD-22",,,"03/10/2025 3:48","CAMIONETA EN REEMPLAZO PROVISORIO DE SZTD-22 ",,"CAMIONETA","CAMIONETA","MAXUS","T 60","2023","31/03/2026","30/11/2026",,"15/03/2026",,"Bastián Esteban Azuga Contreras","343"
"SPCL-52","OPERATIVO","HYA ","360","46.167",,"Mica trasera izquierda trizada",,,"03/10/2025 3:26",,,"CAMIONETA","CAMIONETA","MAXUS","T60 DCAB 4X4 2.8","2023",,,,,,"Bastián Esteban Azuga Contreras","344"
